feed_name,entity_id,trip_id,route_id,direction_id,start_time,start_date,schedule_relationship,current_stop_sequence,current_status,stop_id,timestamp_unix,timestamp_readable,vehicle_id,vehicle_label,latitude,longitude,bearing,odometer,speed,congestion_level,occupancy_status
1234567S,000002,127400_1..N03R,1,0,,20260512,0,38,1,101N,1778638212,2026-05-12 19:10:12,,,0.0,0.0,0.0,0.0,0.0,0,0
1234567S,000004,127700_1..S03R,1,0,,20260512,0,37,1,139S,1778638226,2026-05-12 19:10:26,,,0.0,0.0,0.0,0.0,0.0,0,0
1234567S,000006,127850_1..N03R,1,0,,20260512,0,36,1,104N,1778638200,2026-05-12 19:10:00,,,0.0,0.0,0.0,0.0,0.0,0,0
1234567S,000008,128300_1..N03R,1,0,,20260512,0,34,1,107N,1778638239,2026-05-12 19:10:39,,,0.0,0.0,0.0,0.0,0.0,0,0
1234567S,000010,128350_1..S03R,1,0,,20260512,0,34,0,136S,1778638251,2026-05-12 19:10:51,,,0.0,0.0,0.0,0.0,0.0,0,0
1234567S,000012,128750_1..N03R,1,0,,20260512,0,29,1,112N,1778638204,2026-05-12 19:10:04,,,0.0,0.0,0.0,0.0,0.0,0,0
1234567S,000014,128950_1..S03R,1,0,,20260512,0,29,0,131S,1778638245,2026-05-12 19:10:45,,,0.0,0.0,0.0,0.0,0.0,0,0
1234567S,000016,129200_1..N03R,1,0,,20260512,0,26,2,115N,1778638255,2026-05-12 19:10:55,,,0.0,0.0,0.0,0.0,0.0,0,0
1234567S,000018,129500_1..S03R,1,0,,20260512,0,25,2,127S,1778638239,2026-05-12 19:10:39,,,0.0,0.0,0.0,0.0,0.0,0,0
1234567S,000020,129700_1..N03R,1,0,,20260512,0,25,2,116N,1778638253,2026-05-12 19:10:53,,,0.0,0.0,0.0,0.0,0.0,0,0
1234567S,000022,130150_1..S03R,1,0,,20260512,0,21,2,123S,1778638249,2026-05-12 19:10:49,,,0.0,0.0,0.0,0.0,0.0,0,0
1234567S,000024,130200_1..N03R,1,0,,20260512,0,22,2,119N,1778638249,2026-05-12 19:10:49,,,0.0,0.0,0.0,0.0,0.0,0,0
1234567S,000026,130800_1..N03R,1,0,,20260512,0,18,2,123N,1778638250,2026-05-12 19:10:50,,,0.0,0.0,0.0,0.0,0.0,0,0
1234567S,000028,130850_1..S03R,1,0,,20260512,0,15,1,117S,1778638243,2026-05-12 19:10:43,,,0.0,0.0,0.0,0.0,0.0,0,0
1234567S,000030,131400_1..N03R,1,0,,20260512,0,14,1,127N,1778638207,2026-05-12 19:10:07,,,0.0,0.0,0.0,0.0,0.0,0,0
1234567S,000032,131650_1..S03R,1,0,,20260512,0,11,1,113S,1778638227,2026-05-12 19:10:27,,,0.0,0.0,0.0,0.0,0.0,0,0
1234567S,000034,132000_1..N03R,1,0,,20260512,0,9,1,132N,1778638236,2026-05-12 19:10:36,,,0.0,0.0,0.0,0.0,0.0,0,0
1234567S,000036,132450_1..S03R,1,0,,20260512,0,6,1,108S,1778638226,2026-05-12 19:10:26,,,0.0,0.0,0.0,0.0,0.0,0,0
1234567S,000038,132600_1..N03R,1,0,,20260512,0,6,2,135N,1778638251,2026-05-12 19:10:51,,,0.0,0.0,0.0,0.0,0.0,0,0
1234567S,000048,123900_2..N01R,2,0,,20260512,0,44,1,208N,1778638229,2026-05-12 19:10:29,,,0.0,0.0,0.0,0.0,0.0,0,0
1234567S,000050,124500_2..S01R,2,0,,20260512,0,46,1,244S,1778638253,2026-05-12 19:10:53,,,0.0,0.0,0.0,0.0,0.0,0,0
1234567S,000053,124900_2..N01R,2,0,,20260512,0,42,2,210N,1778638252,2026-05-12 19:10:52,,,0.0,0.0,0.0,0.0,0.0,0,0
1234567S,000055,125650_2..S01R,2,0,,20260512,0,36,1,233S,1778638233,2026-05-12 19:10:33,,,0.0,0.0,0.0,0.0,0.0,0,0
1234567S,000057,125900_2..N01R,2,0,,20260512,0,36,1,216N,1778638217,2026-05-12 19:10:17,,,0.0,0.0,0.0,0.0,0.0,0,0
1234567S,000059,126400_2..N01R,2,0,,20260512,0,34,1,218N,1778638250,2026-05-12 19:10:50,,,0.0,0.0,0.0,0.0,0.0,0,0
1234567S,000061,126900_2..S01R,2,0,,20260512,0,32,2,229S,1778638241,2026-05-12 19:10:41,,,0.0,0.0,0.0,0.0,0.0,0,0
1234567S,000063,127200_2..N01R,2,0,,20260512,0,30,2,222N,1778638253,2026-05-12 19:10:53,,,0.0,0.0,0.0,0.0,0.0,0,0
1234567S,000065,127800_2..S01R,2,0,,20260512,0,27,2,127S,1778638251,2026-05-12 19:10:51,,,0.0,0.0,0.0,0.0,0.0,0,0
1234567S,000067,128000_2..N01R,2,0,,20260512,0,26,2,227N,1778638252,2026-05-12 19:10:52,,,0.0,0.0,0.0,0.0,0.0,0,0
1234567S,000069,128300_2..S01R,2,0,,20260512,0,25,2,120S,1778638235,2026-05-12 19:10:35,,,0.0,0.0,0.0,0.0,0.0,0,0
1234567S,000071,128850_2..N01R,2,0,,20260512,0,23,1,127N,1778638186,2026-05-12 19:09:46,,,0.0,0.0,0.0,0.0,0.0,0,0
1234567S,000073,129400_2..S01R,2,0,,20260512,0,23,2,226S,1778638242,2026-05-12 19:10:42,,,0.0,0.0,0.0,0.0,0.0,0,0
1234567S,000075,129650_2..N01R,2,0,,20260512,0,20,1,137N,1778638252,2026-05-12 19:10:52,,,0.0,0.0,0.0,0.0,0.0,0,0
1234567S,000078,130700_2..S01R,2,0,,20260512,0,16,1,218S,1778638241,2026-05-12 19:10:41,,,0.0,0.0,0.0,0.0,0.0,0,0
1234567S,000080,131000_2..N01R,2,0,,20260512,0,12,1,235N,1778638218,2026-05-12 19:10:18,,,0.0,0.0,0.0,0.0,0.0,0,0
1234567S,000082,132000_2..S01R,2,0,,20260512,0,9,1,211S,1778638240,2026-05-12 19:10:40,,,0.0,0.0,0.0,0.0,0.0,0,0
1234567S,000084,132450_2..N01R,2,0,,20260512,0,6,2,242N,1778638253,2026-05-12 19:10:53,,,0.0,0.0,0.0,0.0,0.0,0,0
1234567S,000093,127200_3..S01R,3,0,,20260512,0,28,2,251S,1778638247,2026-05-12 19:10:47,,,0.0,0.0,0.0,0.0,0.0,0,0
1234567S,000095,127200_3..N01R,3,0,,20260512,0,31,1,225N,1778638239,2026-05-12 19:10:39,,,0.0,0.0,0.0,0.0,0.0,0,0
1234567S,000097,127950_3..N01R,3,0,,20260512,0,28,0,120N,1778638249,2026-05-12 19:10:49,,,0.0,0.0,0.0,0.0,0.0,0,0
1234567S,000099,128400_3..S01R,3,0,,20260512,0,24,2,239S,1778638250,2026-05-12 19:10:50,,,0.0,0.0,0.0,0.0,0.0,0,0
1234567S,000101,128600_3..N01R,3,0,,20260512,0,25,2,128N,1778638255,2026-05-12 19:10:55,,,0.0,0.0,0.0,0.0,0.0,0,0
1234567S,000103,129600_3..S01R,3,0,,20260512,0,16,2,231S,1778638254,2026-05-12 19:10:54,,,0.0,0.0,0.0,0.0,0.0,0,0
1234567S,000105,129600_3..N01R,3,0,,20260512,0,20,2,230N,1778638246,2026-05-12 19:10:46,,,0.0,0.0,0.0,0.0,0.0,0,0
1234567S,000107,130600_3..N01R,3,0,,20260512,0,18,1,232N,1778638235,2026-05-12 19:10:35,,,0.0,0.0,0.0,0.0,0.0,0,0
1234567S,000109,130800_3..S01R,3,0,,20260512,0,11,0,132S,1778638253,2026-05-12 19:10:53,,,0.0,0.0,0.0,0.0,0.0,0,0
1234567S,000111,131600_3..N01R,3,0,,20260512,0,11,1,239N,1778638239,2026-05-12 19:10:39,,,0.0,0.0,0.0,0.0,0.0,0,0
1234567S,000113,132300_3..S01R,3,0,,20260512,0,6,1,227S,1778638225,2026-05-12 19:10:25,,,0.0,0.0,0.0,0.0,0.0,0,0
1234567S,000115,132600_3..N01R,3,0,,20260512,0,5,1,253N,1778638225,2026-05-12 19:10:25,,,0.0,0.0,0.0,0.0,0.0,0,0
1234567S,000121,126600_4..S05R,4,0,,20260512,0,28,1,237S,1778638207,2026-05-12 19:10:07,,,0.0,0.0,0.0,0.0,0.0,0,0
1234567S,000123,126900_4..N06R,4,0,,20260512,0,27,2,402N,1778638254,2026-05-12 19:10:54,,,0.0,0.0,0.0,0.0,0.0,0,0
1234567S,000125,127350_4..N06R,4,0,,20260512,0,25,1,406N,1778638234,2026-05-12 19:10:34,,,0.0,0.0,0.0,0.0,0.0,0,0
1234567S,000127,127700_4..S05R,4,0,,20260512,0,20,0,640S,1778638253,2026-05-12 19:10:53,,,0.0,0.0,0.0,0.0,0.0,0,0
1234567S,000129,128300_4..N06R,4,0,,20260512,0,18,1,413N,1778638251,2026-05-12 19:10:51,,,0.0,0.0,0.0,0.0,0.0,0,0
1234567S,000131,128700_4..S05R,4,0,,20260512,0,20,2,640S,1778638254,2026-05-12 19:10:54,,,0.0,0.0,0.0,0.0,0.0,0,0
1234567S,000133,129300_4..N06R,4,0,,20260512,0,15,2,416N,1778638250,2026-05-12 19:10:50,,,0.0,0.0,0.0,0.0,0.0,0,0
1234567S,000135,129700_4..S05R,4,0,,20260512,0,18,1,631S,1778638189,2026-05-12 19:09:49,,,0.0,0.0,0.0,0.0,0.0,0,0
1234567S,000137,130300_4..N06R,4,0,,20260512,0,13,2,626N,1778638240,2026-05-12 19:10:40,,,0.0,0.0,0.0,0.0,0.0,0,0
1234567S,000139,130600_4..S05R,4,0,,20260512,0,15,2,621S,1778638250,2026-05-12 19:10:50,,,0.0,0.0,0.0,0.0,0.0,0,0
1234567S,000141,131300_4..N06R,4,0,,20260512,0,9,1,640N,1778638255,2026-05-12 19:10:55,,,0.0,0.0,0.0,0.0,0.0,0,0
1234567S,000143,131550_4..S05R,4,0,,20260512,0,12,2,414S,1778638250,2026-05-12 19:10:50,,,0.0,0.0,0.0,0.0,0.0,0,0
1234567S,000145,132300_4..N06R,4,0,,20260512,0,4,1,234N,1778638236,2026-05-12 19:10:36,,,0.0,0.0,0.0,0.0,0.0,0,0
1234567S,000147,132700_4..S05R,4,0,,20260512,0,3,1,405S,1778638218,2026-05-12 19:10:18,,,0.0,0.0,0.0,0.0,0.0,0,0
1234567S,000149,133300_4..N06R,4,0,,20260512,0,1,1,250N,1778637820,2026-05-12 19:03:40,,,0.0,0.0,0.0,0.0,0.0,0,0
1234567S,000157,128350_5..N73R,5,0,,20260512,0,23,1,503N,1778638255,2026-05-12 19:10:55,,,0.0,0.0,0.0,0.0,0.0,0,0
1234567S,000159,129300_5..N73R,5,0,,20260512,0,19,2,214N,1778638245,2026-05-12 19:10:45,,,0.0,0.0,0.0,0.0,0.0,0,0
1234567S,000161,130400_5..N73R,5,0,,20260512,0,11,2,222N,1778638252,2026-05-12 19:10:52,,,0.0,0.0,0.0,0.0,0.0,0,0
1234567S,000163,131400_5..N73R,5,0,,20260512,0,8,2,626N,1778638249,2026-05-12 19:10:49,,,0.0,0.0,0.0,0.0,0.0,0,0
1234567S,000165,132100_5..S01R,5,0,,20260512,0,6,2,213S,1778638252,2026-05-12 19:10:52,,,0.0,0.0,0.0,0.0,0.0,0,0
1234567S,000167,132400_5..N73R,5,0,,20260512,0,5,2,635N,1778638249,2026-05-12 19:10:49,,,0.0,0.0,0.0,0.0,0.0,0,0
1234567S,000172,103950_6..N02R,6X,0,,20260512,0,1,2,640N,1778622113,2026-05-12 14:41:53,,,0.0,0.0,0.0,0.0,0.0,0,0
1234567S,000175,127100_6..N01R,6,0,,20260512,0,38,1,601N,1778638224,2026-05-12 19:10:24,,,0.0,0.0,0.0,0.0,0.0,0,0
1234567S,000177,127550_6..S01R,6,0,,20260512,0,35,0,637S,1778638251,2026-05-12 19:10:51,,,0.0,0.0,0.0,0.0,0.0,0,0
1234567S,000179,127600_6..N01R,6,0,,20260512,0,34,1,606N,1778638237,2026-05-12 19:10:37,,,0.0,0.0,0.0,0.0,0.0,0,0
1234567S,000181,128100_6..N01R,6,0,,20260512,0,31,1,609N,1778638215,2026-05-12 19:10:15,,,0.0,0.0,0.0,0.0,0.0,0,0
1234567S,000183,128300_6..S01R,6,0,,20260512,0,29,1,631S,1778638206,2026-05-12 19:10:06,,,0.0,0.0,0.0,0.0,0.0,0,0
1234567S,000185,128600_6..N01R,6,0,,20260512,0,28,2,612N,1778638242,2026-05-12 19:10:42,,,0.0,0.0,0.0,0.0,0.0,0,0
1234567S,000187,129100_6..N01R,6,0,,20260512,0,25,1,615N,1778638247,2026-05-12 19:10:47,,,0.0,0.0,0.0,0.0,0.0,0,0
1234567S,000189,129150_6..S01R,6,0,,20260512,0,25,1,627S,1778638217,2026-05-12 19:10:17,,,0.0,0.0,0.0,0.0,0.0,0,0
1234567S,000191,129600_6..N03X021,6,0,,20260512,0,22,0,618N,1778638243,2026-05-12 19:10:43,,,0.0,0.0,0.0,0.0,0.0,0,0
1234567S,000193,130000_6..S01X021,6,0,,20260512,0,11,1,622S,1778638250,2026-05-12 19:10:50,,,0.0,0.0,0.0,0.0,0.0,0,0
1234567S,000195,130100_6..N01R,6,0,,20260512,0,20,1,621N,1778638159,2026-05-12 19:09:19,,,0.0,0.0,0.0,0.0,0.0,0,0
1234567S,000197,130600_6..N01R,6,0,,20260512,0,17,0,624N,1778638251,2026-05-12 19:10:51,,,0.0,0.0,0.0,0.0,0.0,0,0
1234567S,000199,130750_6..S01X021,6,0,,20260512,0,9,1,619S,1778638207,2026-05-12 19:10:07,,,0.0,0.0,0.0,0.0,0.0,0,0
1234567S,000201,131250_6..N01R,6,0,,20260512,0,13,2,628N,1778638252,2026-05-12 19:10:52,,,0.0,0.0,0.0,0.0,0.0,0,0
1234567S,000203,131550_6..S01X021,6,0,,20260512,0,8,2,613S,1778638211,2026-05-12 19:10:11,,,0.0,0.0,0.0,0.0,0.0,0,0
1234567S,000205,131850_6..N01R,6,0,,20260512,0,10,2,631N,1778638250,2026-05-12 19:10:50,,,0.0,0.0,0.0,0.0,0.0,0,0
1234567S,000207,132350_6..S01X021,6,0,,20260512,0,5,1,606S,1778638212,2026-05-12 19:10:12,,,0.0,0.0,0.0,0.0,0.0,0,0
1234567S,000209,132450_6..N01R,6,0,,20260512,0,6,1,635N,1778638233,2026-05-12 19:10:33,,,0.0,0.0,0.0,0.0,0.0,0,0
1234567S,000211,133150_6..N01R,6,0,,20260512,0,1,1,640N,1778638058,2026-05-12 19:07:38,,,0.0,0.0,0.0,0.0,0.0,0,0
1234567S,000220,032950_7..S,7,0,,20260512,0,1,1,701S,1778577605,2026-05-12 02:20:05,,,0.0,0.0,0.0,0.0,0.0,0,0
1234567S,000222,039250_7X..S,7X,0,,20260512,0,10,1,720S,1778583449,2026-05-12 03:57:29,,,0.0,0.0,0.0,0.0,0.0,0,0
1234567S,000224,040450_7..S,7,0,,20260512,0,1,1,701S,1778582433,2026-05-12 03:40:33,,,0.0,0.0,0.0,0.0,0.0,0,0
1234567S,000226,041750_7X..S,7X,0,,20260512,0,10,1,720S,1778587122,2026-05-12 04:58:42,,,0.0,0.0,0.0,0.0,0.0,0,0
1234567S,000228,041800_7..N,7,0,,20260512,0,1,1,726N,1778583237,2026-05-12 03:53:57,,,0.0,0.0,0.0,0.0,0.0,0,0
1234567S,000230,042250_7..N,7,0,,20260512,0,1,1,726N,1778583814,2026-05-12 04:03:34,,,0.0,0.0,0.0,0.0,0.0,0,0
1234567S,000232,043250_7..N,7,0,,20260512,0,1,1,726N,1778584356,2026-05-12 04:12:36,,,0.0,0.0,0.0,0.0,0.0,0,0
1234567S,000234,044500_7..N,7,0,,20260512,0,1,2,726N,1778584996,2026-05-12 04:23:16,,,0.0,0.0,0.0,0.0,0.0,0,0
1234567S,000237,045150_7X..S,7X,0,,20260512,0,1,1,701S,1778585315,2026-05-12 04:28:35,,,0.0,0.0,0.0,0.0,0.0,0,0
1234567S,000239,045750_7X..S,7X,0,,20260512,0,1,1,701S,1778585764,2026-05-12 04:36:04,,,0.0,0.0,0.0,0.0,0.0,0,0
1234567S,000241,046750_7..S,7,0,,20260512,0,1,1,701S,1778586408,2026-05-12 04:46:48,,,0.0,0.0,0.0,0.0,0.0,0,0
1234567S,000243,048300_7..N,7,0,,20260512,0,1,1,726N,1778587050,2026-05-12 04:57:30,,,0.0,0.0,0.0,0.0,0.0,0,0
1234567S,000245,048800_7..N,7,0,,20260512,0,1,1,726N,1778587732,2026-05-12 05:08:52,,,0.0,0.0,0.0,0.0,0.0,0,0
1234567S,000247,049350_7X..S,7X,0,,20260512,0,1,1,701S,1778587454,2026-05-12 05:04:14,,,0.0,0.0,0.0,0.0,0.0,0,0
1234567S,000249,049700_7..N,7,0,,20260512,0,1,1,726N,1778587875,2026-05-12 05:11:15,,,0.0,0.0,0.0,0.0,0.0,0,0
1234567S,000251,050700_7X..S,7X,0,,20260512,0,1,1,701S,1778588797,2026-05-12 05:26:37,,,0.0,0.0,0.0,0.0,0.0,0,0
1234567S,000253,051150_7X..S,7X,0,,20260512,0,1,1,701S,1778589043,2026-05-12 05:30:43,,,0.0,0.0,0.0,0.0,0.0,0,0
1234567S,000255,051750_7X..S,7X,0,,20260512,0,1,1,701S,1778589261,2026-05-12 05:34:21,,,0.0,0.0,0.0,0.0,0.0,0,0
1234567S,000257,052800_7X..S,7X,0,,20260512,0,1,1,701S,1778589861,2026-05-12 05:44:21,,,0.0,0.0,0.0,0.0,0.0,0,0
1234567S,000259,055900_7X..S,7X,0,,20260512,0,1,1,701S,1778591350,2026-05-12 06:09:10,,,0.0,0.0,0.0,0.0,0.0,0,0
1234567S,000261,057600_7..N,7,0,,20260512,0,1,1,726N,1778592824,2026-05-12 06:33:44,,,0.0,0.0,0.0,0.0,0.0,0,0
1234567S,000263,058350_7..S,7,0,,20260512,0,1,1,701S,1778593377,2026-05-12 06:42:57,,,0.0,0.0,0.0,0.0,0.0,0,0
1234567S,000265,059200_7..N,7,0,,20260512,0,1,1,726N,1778593736,2026-05-12 06:48:56,,,0.0,0.0,0.0,0.0,0.0,0,0
1234567S,000267,067100_7..S,7,0,,20260512,0,1,1,701S,1778598279,2026-05-12 08:04:39,,,0.0,0.0,0.0,0.0,0.0,0,0
1234567S,000269,069600_7..S,7,0,,20260512,0,1,1,701S,1778599396,2026-05-12 08:23:16,,,0.0,0.0,0.0,0.0,0.0,0,0
1234567S,000271,129250_7..N,7,0,,20260512,0,22,1,701N,1778638239,2026-05-12 19:10:39,,,0.0,0.0,0.0,0.0,0.0,0,0
1234567S,000273,129650_7..N,7,0,,20260512,0,22,2,701N,1778638247,2026-05-12 19:10:47,,,0.0,0.0,0.0,0.0,0.0,0,0
1234567S,000275,130000_7..S,7,0,,20260512,0,18,1,724S,1778638246,2026-05-12 19:10:46,,,0.0,0.0,0.0,0.0,0.0,0,0
1234567S,000277,130050_7..N,7,0,,20260512,0,21,2,702N,1778638251,2026-05-12 19:10:51,,,0.0,0.0,0.0,0.0,0.0,0,0
1234567S,000279,130500_7..S,7,0,,20260512,0,16,1,721S,1778638200,2026-05-12 19:10:00,,,0.0,0.0,0.0,0.0,0.0,0,0
1234567S,000281,130550_7..N,7,0,,20260512,0,15,1,710N,1778638238,2026-05-12 19:10:38,,,0.0,0.0,0.0,0.0,0.0,0,0
1234567S,000283,131000_7..S,7,0,,20260512,0,12,2,716S,1778638241,2026-05-12 19:10:41,,,0.0,0.0,0.0,0.0,0.0,0,0
1234567S,000285,131050_7..N,7,0,,20260512,0,13,1,712N,1778638248,2026-05-12 19:10:48,,,0.0,0.0,0.0,0.0,0.0,0,0
1234567S,000287,131500_7..S,7,0,,20260512,0,10,1,714S,1778638232,2026-05-12 19:10:32,,,0.0,0.0,0.0,0.0,0.0,0,0
1234567S,000289,131550_7..N,7,0,,20260512,0,9,1,716N,1778638241,2026-05-12 19:10:41,,,0.0,0.0,0.0,0.0,0.0,0,0
1234567S,000291,132000_7..S,7,0,,20260512,0,8,2,710S,1778638234,2026-05-12 19:10:34,,,0.0,0.0,0.0,0.0,0.0,0,0
1234567S,000293,132050_7..N,7,0,,20260512,0,6,1,720N,1778638207,2026-05-12 19:10:07,,,0.0,0.0,0.0,0.0,0.0,0,0
1234567S,000295,132500_7..S,7,0,,20260512,0,5,1,707S,1778638213,2026-05-12 19:10:13,,,0.0,0.0,0.0,0.0,0.0,0,0
1234567S,000297,132550_7..N,7,0,,20260512,0,4,1,723N,1778638240,2026-05-12 19:10:40,,,0.0,0.0,0.0,0.0,0.0,0,0
1234567S,000299,133000_7..S,7,0,,20260512,0,2,1,702S,1778638214,2026-05-12 19:10:14,,,0.0,0.0,0.0,0.0,0.0,0,0
1234567S,000301,133050_7..N,7,0,,20260512,0,2,2,725N,1778638247,2026-05-12 19:10:47,,,0.0,0.0,0.0,0.0,0.0,0,0
1234567S,000303,133500_7..S,7,0,,20260512,0,1,1,701S,1778637998,2026-05-12 19:06:38,,,0.0,0.0,0.0,0.0,0.0,0,0
1234567S,000305,133550_7..N,7,0,,20260512,0,1,1,726N,1778638033,2026-05-12 19:07:13,,,0.0,0.0,0.0,0.0,0.0,0,0
1234567S,000317,052550_7..N,7,0,,20260512,0,1,1,726N,1778589957,2026-05-12 05:45:57,,,0.0,0.0,0.0,0.0,0.0,0,0
1234567S,000319,133000_GS.N01R,GS,0,,20260512,0,2,2,902N,1778638248,2026-05-12 19:10:48,,,0.0,0.0,0.0,0.0,0.0,0,0
ACE,000002A,125450_A..N54R,A,0,20:54:30,20260512,0,28,1,A03N,1778638241,2026-05-12 19:10:41,,,0.0,0.0,0.0,0.0,0.0,0,0
ACE,000004A,124150_A..N55R,A,0,20:41:30,20260512,0,31,1,A09N,1778638246,2026-05-12 19:10:46,,,0.0,0.0,0.0,0.0,0.0,0,0
ACE,000006A,125700_A..S58R,A,0,20:57:00,20260512,0,28,1,H03S,1778638012,2026-05-12 19:06:52,,,0.0,0.0,0.0,0.0,0.0,0,0
ACE,000008A,126100_A..N55R,A,0,21:01:00,20260512,0,27,1,A27N,1778638202,2026-05-12 19:10:02,,,0.0,0.0,0.0,0.0,0.0,0,0
ACE,000010A,126800_A..S57R,A,0,21:08:53,20260512,0,24,1,A59S,1778638246,2026-05-12 19:10:46,,,0.0,0.0,0.0,0.0,0.0,0,0
ACE,000012A,126900_A..N54R,A,0,21:09:00,20260512,0,23,1,A12N,1778638197,2026-05-12 19:09:57,,,0.0,0.0,0.0,0.0,0.0,0,0
ACE,000014A,127600_A..N54R,A,0,21:16:00,20260512,0,22,1,A15N,1778638212,2026-05-12 19:10:12,,,0.0,0.0,0.0,0.0,0.0,0,0
ACE,000016A,127900_A..S58R,A,0,21:19:14,20260512,0,20,1,A48S,1778638162,2026-05-12 19:09:22,,,0.0,0.0,0.0,0.0,0.0,0,0
ACE,000018A,128050_A..N55R,A,0,21:20:00,20260512,0,17,1,A46N,1778638052,2026-05-12 19:07:32,,,0.0,0.0,0.0,0.0,0.0,0,0
ACE,000020A,128950_A..S57R,A,0,21:28:13,20260512,0,16,1,A40S,1778638237,2026-05-12 19:10:37,,,0.0,0.0,0.0,0.0,0.0,0,0
ACE,000022A,129250_A..N54R,A,0,21:32:30,20260512,0,16,1,A34N,1778638202,2026-05-12 19:10:02,,,0.0,0.0,0.0,0.0,0.0,0,0
ACE,000024A,130550_A..N55R,A,0,21:45:30,20260512,0,10,1,A61N,1778638246,2026-05-12 19:10:46,,,0.0,0.0,0.0,0.0,0.0,0,0
ACE,000026A,131450_A..N58R,A,0,21:54:00,20260512,0,6,1,H04N,1778637936,2026-05-12 19:05:36,,,0.0,0.0,0.0,0.0,0.0,0,0
ACE,000028A,130300_A..S58R,A,0,21:43:00,20260512,0,10,1,A28S,1778638222,2026-05-12 19:10:22,,,0.0,0.0,0.0,0.0,0.0,0,0
ACE,000030A,131450_A..N54R,A,0,21:54:30,20260512,0,8,1,A51N,1778638167,2026-05-12 19:09:27,,,0.0,0.0,0.0,0.0,0.0,0,0
ACE,000032A,131500_A..S57R,A,0,21:55:00,20260512,0,7,1,A15S,1778638246,2026-05-12 19:10:46,,,0.0,0.0,0.0,0.0,0.0,0,0
ACE,000034A,132600_A..S58R,A,0,22:06:00,20260512,0,3,1,A06S,1778638246,2026-05-12 19:10:46,,,0.0,0.0,0.0,0.0,0.0,0,0
ACE,000036A,132800_A..S05R,A,0,22:08:30,20260512,0,1,1,A03S,1778638246,2026-05-12 19:10:46,,,0.0,0.0,0.0,0.0,0.0,0,0
ACE,000038A,133150_A..N09R,A,0,22:11:30,20260512,0,0,2,H11N,1778638290,2026-05-12 19:11:30,,,0.0,0.0,0.0,0.0,0.0,0,0
ACE,000040A,133800_A..N54R,A,0,22:18:00,20260512,0,0,2,A65N,1778638680,2026-05-12 19:18:00,,,0.0,0.0,0.0,0.0,0.0,0,0
ACE,000042A,133600_A..S74R,A,0,22:16:00,20260512,0,0,2,A02S,1778638560,2026-05-12 19:16:00,,,0.0,0.0,0.0,0.0,0.0,0,0
ACE,000044A,134100_A..N04R,A,0,22:21:00,20260512,0,0,2,A65N,1778638860,2026-05-12 19:21:00,,,0.0,0.0,0.0,0.0,0.0,0,0
ACE,000046A,134650_A..S05R,A,0,22:26:30,20260512,0,0,2,A02S,1778639190,2026-05-12 19:26:30,,,0.0,0.0,0.0,0.0,0.0,0,0
ACE,000048A,135400_A..S05R,A,0,22:34:00,20260512,0,0,2,A02S,1778639640,2026-05-12 19:34:00,,,0.0,0.0,0.0,0.0,0.0,0,0
ACE,000050A,136200_A..S74R,A,0,22:42:00,20260512,0,0,2,A02S,1778640120,2026-05-12 19:42:00,,,0.0,0.0,0.0,0.0,0.0,0,0
ACE,000052A,135600_A..N09R,A,0,22:36:00,20260512,0,0,2,H11N,1778639760,2026-05-12 19:36:00,,,0.0,0.0,0.0,0.0,0.0,0,0
ACE,000054A,136500_A..N04R,A,0,22:45:00,20260512,0,0,2,A65N,1778640300,2026-05-12 19:45:00,,,0.0,0.0,0.0,0.0,0.0,0,0
ACE,000056A,137300_A..S05R,A,0,22:53:00,20260512,0,0,2,A02S,1778640780,2026-05-12 19:53:00,,,0.0,0.0,0.0,0.0,0.0,0,0
ACE,000058A,138150_A..N09R,A,0,23:01:30,20260512,0,0,2,H11N,1778641290,2026-05-12 20:01:30,,,0.0,0.0,0.0,0.0,0.0,0,0
ACE,000060A,138300_A..S74R,A,0,23:03:00,20260512,0,0,2,A02S,1778641380,2026-05-12 20:03:00,,,0.0,0.0,0.0,0.0,0.0,0,0
ACE,000062A,139000_A..N04R,A,0,23:10:00,20260512,0,0,2,A65N,1778641800,2026-05-12 20:10:00,,,0.0,0.0,0.0,0.0,0.0,0,0
ACE,000002C,126350_C..N04R,C,0,21:03:31,20260512,0,38,1,A10N,1778638246,2026-05-12 19:10:46,,,0.0,0.0,0.0,0.0,0.0,0,0
ACE,000004C,127200_C..S04R,C,0,21:12:30,20260512,0,34,1,A50S,1778638241,2026-05-12 19:10:41,,,0.0,0.0,0.0,0.0,0.0,0,0
ACE,000006C,127450_C..N04R,C,0,21:15:22,20260512,0,30,1,A19N,1778638246,2026-05-12 19:10:46,,,0.0,0.0,0.0,0.0,0.0,0,0
ACE,000008C,128150_C..S04R,C,0,21:25:00,20260512,0,24,1,A43S,1778638246,2026-05-12 19:10:46,,,0.0,0.0,0.0,0.0,0.0,0,0
ACE,000010C,128950_C..S04R,C,0,21:29:30,20260512,0,23,1,A38S,1778638162,2026-05-12 19:09:22,,,0.0,0.0,0.0,0.0,0.0,0,0
ACE,000012C,128650_C..N04R,C,0,21:26:56,20260512,0,25,1,A25N,1778638246,2026-05-12 19:10:46,,,0.0,0.0,0.0,0.0,0.0,0,0
ACE,000014C,130100_C..N04R,C,0,21:41:06,20260512,0,18,1,A34N,1778638246,2026-05-12 19:10:46,,,0.0,0.0,0.0,0.0,0.0,0,0
ACE,000016C,129750_C..S04R,C,0,21:37:30,20260512,0,20,1,A33S,1778638246,2026-05-12 19:10:46,,,0.0,0.0,0.0,0.0,0.0,0,0
ACE,000018C,130750_C..S04R,C,0,21:47:00,20260512,0,14,1,A25S,1778638226,2026-05-12 19:10:26,,,0.0,0.0,0.0,0.0,0.0,0,0
ACE,000020C,131550_C..N04R,C,0,21:56:00,20260512,0,9,1,A46N,1778638246,2026-05-12 19:10:46,,,0.0,0.0,0.0,0.0,0.0,0,0
ACE,000022C,131750_C..S04R,C,0,21:57:00,20260512,0,9,1,A19S,1778638246,2026-05-12 19:10:46,,,0.0,0.0,0.0,0.0,0.0,0,0
ACE,000024C,132550_C..N04R,C,0,22:05:00,20260512,0,4,1,A51N,1778638246,2026-05-12 19:10:46,,,0.0,0.0,0.0,0.0,0.0,0,0
ACE,000026C,134000_C..N04R,C,0,22:20:00,20260512,0,0,2,A55N,1778638800,2026-05-12 19:20:00,,,0.0,0.0,0.0,0.0,0.0,0,0
ACE,000028C,132800_C..S04R,C,0,22:08:00,20260512,0,2,1,A11S,1778638246,2026-05-12 19:10:46,,,0.0,0.0,0.0,0.0,0.0,0,0
ACE,000002E,116950_E..N72R,E,0,19:30:25,20260512,0,19,1,F01N,1778632333,2026-05-12 17:32:13,,,0.0,0.0,0.0,0.0,0.0,0,0
ACE,000004E,127850_E..N,E,0,21:18:30,20260512,0,29,1,G06N,1778638246,2026-05-12 19:10:46,,,0.0,0.0,0.0,0.0,0.0,0,0
ACE,000006E,127900_E..S69R,E,0,21:19:00,20260512,0,17,1,A31S,1778638216,2026-05-12 19:10:16,,,0.0,0.0,0.0,0.0,0.0,0,0
ACE,000008E,128200_E..N72R,E,0,21:22:00,20260512,0,19,1,G07N,1778638246,2026-05-12 19:10:46,,,0.0,0.0,0.0,0.0,0.0,0,0
ACE,000010E,128900_E..N72R,E,0,21:29:00,20260512,0,17,1,F06N,1778638182,2026-05-12 19:09:42,,,0.0,0.0,0.0,0.0,0.0,0,0
ACE,000012E,128900_E..S69R,E,0,21:29:18,20260512,0,14,1,A27S,1778638242,2026-05-12 19:10:42,,,0.0,0.0,0.0,0.0,0.0,0,0
ACE,000014E,130000_E..S69R,E,0,21:39:30,20260512,0,12,1,D14S,1778638242,2026-05-12 19:10:42,,,0.0,0.0,0.0,0.0,0.0,0,0
ACE,000016E,129600_E..N05R,E,0,21:36:00,20260512,0,18,1,G15N,1778638246,2026-05-12 19:10:46,,,0.0,0.0,0.0,0.0,0.0,0,0
ACE,000018E,131000_E..S69R,E,0,21:49:30,20260512,0,8,1,G21S,1778638241,2026-05-12 19:10:41,,,0.0,0.0,0.0,0.0,0.0,0,0
ACE,000020E,130400_E..N05R,E,0,21:44:00,20260512,0,15,1,G19N,1778638246,2026-05-12 19:10:46,,,0.0,0.0,0.0,0.0,0.0,0,0
ACE,000022E,132000_E..N05R,E,0,22:00:00,20260512,0,6,1,A28N,1778638242,2026-05-12 19:10:42,,,0.0,0.0,0.0,0.0,0.0,0,0
ACE,000024E,131200_E..N05R,E,0,21:52:00,20260512,0,11,1,F11N,1778638236,2026-05-12 19:10:36,,,0.0,0.0,0.0,0.0,0.0,0,0
ACE,000026E,132000_E..S69R,E,0,22:00:37,20260512,0,5,1,F07S,1778638246,2026-05-12 19:10:46,,,0.0,0.0,0.0,0.0,0.0,0,0
ACE,000028E,132800_E..N05R,E,0,22:09:59,20260512,0,0,1,E01N,1778638221,2026-05-12 19:10:21,,,0.0,0.0,0.0,0.0,0.0,0,0
ACE,000030E,133000_E..S69R,E,0,22:10:00,20260512,0,1,1,G06S,1778638246,2026-05-12 19:10:46,,,0.0,0.0,0.0,0.0,0.0,0,0
ACE,000032E,133900_E..S69R,E,0,22:19:00,20260512,0,0,2,G05S,1778638740,2026-05-12 19:19:00,,,0.0,0.0,0.0,0.0,0.0,0,0
ACE,000034E,133800_E..N05R,E,0,22:18:00,20260512,0,0,2,E01N,1778638680,2026-05-12 19:18:00,,,0.0,0.0,0.0,0.0,0.0,0,0
ACE,000036E,135000_E..S69R,E,0,22:30:00,20260512,0,0,2,G05S,1778639400,2026-05-12 19:30:00,,,0.0,0.0,0.0,0.0,0.0,0,0
ACE,000038E,134800_E..N05R,E,0,22:28:00,20260512,0,0,2,E01N,1778639280,2026-05-12 19:28:00,,,0.0,0.0,0.0,0.0,0.0,0,0
ACE,000040E,135600_E..S04R,E,0,22:36:00,20260512,0,0,2,G05S,1778639760,2026-05-12 19:36:00,,,0.0,0.0,0.0,0.0,0.0,0,0
ACE,000042E,135800_E..N05R,E,0,22:38:00,20260512,0,0,2,E01N,1778639880,2026-05-12 19:38:00,,,0.0,0.0,0.0,0.0,0.0,0,0
ACE,000044E,136800_E..N05R,E,0,22:48:00,20260512,0,0,2,E01N,1778640480,2026-05-12 19:48:00,,,0.0,0.0,0.0,0.0,0.0,0,0
ACE,000046E,136450_E..S04R,E,0,22:44:30,20260512,0,0,2,G05S,1778640270,2026-05-12 19:44:30,,,0.0,0.0,0.0,0.0,0.0,0,0
ACE,000048E,137400_E..S04R,E,0,22:54:00,20260512,0,0,2,G05S,1778640840,2026-05-12 19:54:00,,,0.0,0.0,0.0,0.0,0.0,0,0
ACE,000050E,137600_E..N05R,E,0,22:56:00,20260512,0,0,2,E01N,1778640960,2026-05-12 19:56:00,,,0.0,0.0,0.0,0.0,0.0,0,0
ACE,000052E,138300_E..S04R,E,0,23:03:00,20260512,0,0,2,G05S,1778641380,2026-05-12 20:03:00,,,0.0,0.0,0.0,0.0,0.0,0,0
ACE,000054E,138800_E..N05R,E,0,23:08:00,20260512,0,0,2,E01N,1778641680,2026-05-12 20:08:00,,,0.0,0.0,0.0,0.0,0.0,0,0
ACE,000002H,115450_H..N21R,H,0,19:14:30,20260512,0,5,1,H19N,1778628647,2026-05-12 16:30:47,,,0.0,0.0,0.0,0.0,0.0,0,0
ACE,000004H,116500_H..N21R,H,0,19:26:02,20260512,0,5,1,H19N,1778629010,2026-05-12 16:36:50,,,0.0,0.0,0.0,0.0,0.0,0,0
ACE,000006H,117450_H..N21R,H,0,19:34:30,20260512,0,5,1,H19N,1778629830,2026-05-12 16:50:30,,,0.0,0.0,0.0,0.0,0.0,0,0
ACE,000008H,119050_H..N21R,H,0,19:50:30,20260512,0,5,1,H19N,1778630462,2026-05-12 17:01:02,,,0.0,0.0,0.0,0.0,0.0,0,0
ACE,000010H,120450_H..N21R,H,0,20:04:30,20260512,0,5,1,H19N,1778631512,2026-05-12 17:18:32,,,0.0,0.0,0.0,0.0,0.0,0,0
ACE,000012H,122300_H..N21R,H,0,20:23:00,20260512,0,5,1,H19N,1778632554,2026-05-12 17:35:54,,,0.0,0.0,0.0,0.0,0.0,0,0
ACE,000014H,123850_H..N21R,H,0,20:38:30,20260512,0,5,1,H19N,1778633792,2026-05-12 17:56:32,,,0.0,0.0,0.0,0.0,0.0,0,0
ACE,000016H,126000_H..N21R,H,0,21:00:00,20260512,0,5,1,H19N,1778634611,2026-05-12 18:10:11,,,0.0,0.0,0.0,0.0,0.0,0,0
ACE,000018H,127950_H..N21R,H,0,21:19:30,20260512,0,5,1,H19N,1778635950,2026-05-12 18:32:30,,,0.0,0.0,0.0,0.0,0.0,0,0
ACE,000020H,129650_H..N21R,H,0,21:36:30,20260512,0,5,1,H19N,1778636977,2026-05-12 18:49:37,,,0.0,0.0,0.0,0.0,0.0,0,0
ACE,000022H,131350_H..N21R,H,0,21:53:54,20260512,0,5,1,H19N,1778637791,2026-05-12 19:03:11,,,0.0,0.0,0.0,0.0,0.0,0,0
ACE,000024H,133000_H..N21R,H,0,22:10:26,20260512,0,0,1,H15N,1778638241,2026-05-12 19:10:41,,,0.0,0.0,0.0,0.0,0.0,0,0
ACE,000026H,134100_H..S21R,H,0,22:21:00,20260512,0,0,2,H19S,1778638860,2026-05-12 19:21:00,,,0.0,0.0,0.0,0.0,0.0,0,0
ACE,000028H,135200_H..N21R,H,0,22:32:00,20260512,0,0,2,H15N,1778639520,2026-05-12 19:32:00,,,0.0,0.0,0.0,0.0,0.0,0,0
ACE,000030H,136300_H..S21R,H,0,22:43:00,20260512,0,0,2,H19S,1778640180,2026-05-12 19:43:00,,,0.0,0.0,0.0,0.0,0.0,0,0
ACE,000032H,137200_H..N21R,H,0,22:52:00,20260512,0,0,2,H15N,1778640720,2026-05-12 19:52:00,,,0.0,0.0,0.0,0.0,0.0,0,0
ACE,000034H,137550_H..S21R,H,0,22:55:30,20260512,0,0,2,H19S,1778640930,2026-05-12 19:55:30,,,0.0,0.0,0.0,0.0,0.0,0,0
ACE,000036H,139050_H..N21R,H,0,23:10:30,20260512,0,0,2,H15N,1778641830,2026-05-12 20:10:30,,,0.0,0.0,0.0,0.0,0.0,0,0
BDFM,000002B,126350_B..N66R,B,0,21:03:00,20260512,0,24,1,A15N,1778638221,2026-05-12 19:10:21,,,0.0,0.0,0.0,0.0,0.0,0,0
BDFM,000004B,127350_B..N66R,B,0,21:13:00,20260512,0,23,1,A16N,1778638246,2026-05-12 19:10:46,,,0.0,0.0,0.0,0.0,0.0,0,0
BDFM,000006B,127450_B..S66R,B,0,21:15:30,20260512,0,24,1,D35S,1778638171,2026-05-12 19:09:31,,,0.0,0.0,0.0,0.0,0.0,0,0
BDFM,000008B,127950_B..S,B,0,21:23:00,20260512,0,23,1,D28S,1778638246,2026-05-12 19:10:46,,,0.0,0.0,0.0,0.0,0.0,0,0
BDFM,000002D,122900_D..N07R,D,0,20:29:00,20260512,0,35,1,D01N,1778638186,2026-05-12 19:09:46,,,0.0,0.0,0.0,0.0,0.0,0,0
BDFM,000004D,123650_D..N07R,D,0,20:36:30,20260512,0,33,1,D04N,1778638246,2026-05-12 19:10:46,,,0.0,0.0,0.0,0.0,0.0,0,0
BDFM,000006D,124150_D..N05R,D,0,20:41:30,20260512,0,34,1,D04N,1778638246,2026-05-12 19:10:46,,,0.0,0.0,0.0,0.0,0.0,0,0
BDFM,000008D,124300_D..S07R,D,0,20:43:00,20260512,0,33,1,B23S,1778638246,2026-05-12 19:10:46,,,0.0,0.0,0.0,0.0,0.0,0,0
BDFM,000010D,125300_D..S07R,D,0,20:53:00,20260512,0,30,1,B20S,1778638246,2026-05-12 19:10:46,,,0.0,0.0,0.0,0.0,0.0,0,0
BDFM,000012D,125400_D..N05R,D,0,20:54:38,20260512,0,31,1,D11N,1778638246,2026-05-12 19:10:46,,,0.0,0.0,0.0,0.0,0.0,0,0
BDFM,000014D,126700_D..S07R,D,0,21:07:00,20260512,0,24,1,B14S,1778638243,2026-05-12 19:10:43,,,0.0,0.0,0.0,0.0,0.0,0,0
BDFM,000016D,126600_D..N05R,D,0,21:06:02,20260512,0,27,1,A24N,1778638102,2026-05-12 19:08:22,,,0.0,0.0,0.0,0.0,0.0,0,0
BDFM,000018D,127850_D..N05R,D,0,21:17:06,20260512,0,21,1,D21N,1778638226,2026-05-12 19:10:26,,,0.0,0.0,0.0,0.0,0.0,0,0
BDFM,000020D,128100_D..S07R,D,0,21:21:00,20260512,0,19,1,D22S,1778637991,2026-05-12 19:06:31,,,0.0,0.0,0.0,0.0,0.0,0,0
BDFM,000022D,128800_D..S07R,D,0,21:28:00,20260512,0,19,1,D22S,1778638246,2026-05-12 19:10:46,,,0.0,0.0,0.0,0.0,0.0,0,0
BDFM,000024D,129100_D..N05R,D,0,21:31:00,20260512,0,21,1,D21N,1778638238,2026-05-12 19:10:38,,,0.0,0.0,0.0,0.0,0.0,0,0
BDFM,000026D,129600_D..S07R,D,0,21:36:00,20260512,0,16,1,D17S,1778638197,2026-05-12 19:09:57,,,0.0,0.0,0.0,0.0,0.0,0,0
BDFM,000028D,130100_D..S,D,0,21:41:00,20260512,0,14,1,D14S,1778638246,2026-05-12 19:10:46,,,0.0,0.0,0.0,0.0,0.0,0,0
BDFM,000030D,130250_D..N05R,D,0,21:42:00,20260512,0,16,1,R33N,1778638246,2026-05-12 19:10:46,,,0.0,0.0,0.0,0.0,0.0,0,0
BDFM,000032D,130600_D..S07R,D,0,21:46:00,20260512,0,11,1,A15S,1778638182,2026-05-12 19:09:42,,,0.0,0.0,0.0,0.0,0.0,0,0
BDFM,000034D,131450_D..N05R,D,0,21:55:00,20260512,0,6,1,B18N,1778638246,2026-05-12 19:10:46,,,0.0,0.0,0.0,0.0,0.0,0,0
BDFM,000036D,132850_D..N05R,D,0,22:07:36,20260512,0,1,1,B23N,1778638246,2026-05-12 19:10:46,,,0.0,0.0,0.0,0.0,0.0,0,0
BDFM,000038D,131700_D..S05R,D,0,21:57:00,20260512,0,7,1,D10S,1778638246,2026-05-12 19:10:46,,,0.0,0.0,0.0,0.0,0.0,0,0
BDFM,000040D,133700_D..S05R,D,0,22:17:00,20260512,0,0,2,D01S,1778638620,2026-05-12 19:17:00,,,0.0,0.0,0.0,0.0,0.0,0,0
BDFM,000042D,134850_D..N05R,D,0,22:28:30,20260512,0,0,2,D43N,1778639310,2026-05-12 19:28:30,,,0.0,0.0,0.0,0.0,0.0,0,0
BDFM,000044D,134850_D..S05R,D,0,22:28:30,20260512,0,0,2,D01S,1778639310,2026-05-12 19:28:30,,,0.0,0.0,0.0,0.0,0.0,0,0
BDFM,000046D,136100_D..S05R,D,0,22:41:00,20260512,0,0,2,D01S,1778640060,2026-05-12 19:41:00,,,0.0,0.0,0.0,0.0,0.0,0,0
BDFM,000048D,132900_D..S05R,D,0,22:09:00,20260512,0,1,1,D04S,1778638246,2026-05-12 19:10:46,,,0.0,0.0,0.0,0.0,0.0,0,0
BDFM,000050D,137300_D..S05R,D,0,22:53:00,20260512,0,0,2,D01S,1778640780,2026-05-12 19:53:00,,,0.0,0.0,0.0,0.0,0.0,0,0
BDFM,000052D,136750_D..N05R,D,0,22:47:30,20260512,0,0,2,D43N,1778640450,2026-05-12 19:47:30,,,0.0,0.0,0.0,0.0,0.0,0,0
BDFM,000054D,138600_D..S05R,D,0,23:06:00,20260512,0,0,2,D01S,1778641560,2026-05-12 20:06:00,,,0.0,0.0,0.0,0.0,0.0,0,0
BDFM,000056D,138150_D..N,D,0,23:01:30,20260512,0,0,2,D43N,1778641290,2026-05-12 20:01:30,,,0.0,0.0,0.0,0.0,0.0,0,0
BDFM,000002F,124050_F..S,F,0,20:41:00,20260512,0,43,1,D42S,1778638246,2026-05-12 19:10:46,,,0.0,0.0,0.0,0.0,0.0,0,0
BDFM,000004F,124466_F..N81R,F,0,20:44:02,20260512,0,40,1,F05N,1778638232,2026-05-12 19:10:32,,,0.0,0.0,0.0,0.0,0.0,0,0
BDFM,000006F,124750_F..S,F,0,20:47:30,20260512,0,36,1,F32S,1778638246,2026-05-12 19:10:46,,,0.0,0.0,0.0,0.0,0.0,0,0
BDFM,000008F,125300_F..N20R,F,0,20:52:39,20260512,0,43,1,G12N,1778638241,2026-05-12 19:10:41,,,0.0,0.0,0.0,0.0,0.0,0,0
BDFM,000010F,125450_F..S,F,0,20:54:30,20260512,0,35,1,F31S,1778638246,2026-05-12 19:10:46,,,0.0,0.0,0.0,0.0,0.0,0,0
BDFM,000012F,126216_F..N20R,F,0,21:02:00,20260512,0,38,1,G18N,1778638246,2026-05-12 19:10:46,,,0.0,0.0,0.0,0.0,0.0,0,0
BDFM,000014F,126350_F..S,F,0,21:02:54,20260512,0,31,1,F26S,1778638231,2026-05-12 19:10:31,,,0.0,0.0,0.0,0.0,0.0,0,0
BDFM,000016F,127300_F..S,F,0,21:12:42,20260512,0,25,1,F20S,1778638246,2026-05-12 19:10:46,,,0.0,0.0,0.0,0.0,0.0,0,0
BDFM,000018F,127133_F..N20R,F,0,21:12:32,20260512,0,31,1,D15N,1778638246,2026-05-12 19:10:46,,,0.0,0.0,0.0,0.0,0.0,0,0
BDFM,000020F,128300_F..S,F,0,21:23:24,20260512,0,22,1,F16S,1778638227,2026-05-12 19:10:27,,,0.0,0.0,0.0,0.0,0.0,0,0
BDFM,000022F,128050_F..N20R,F,0,21:20:11,20260512,0,28,1,D18N,1778638246,2026-05-12 19:10:46,,,0.0,0.0,0.0,0.0,0.0,0,0
BDFM,000024F,129300_F..S,F,0,21:33:31,20260512,0,14,1,D16S,1778638246,2026-05-12 19:10:46,,,0.0,0.0,0.0,0.0,0.0,0,0
BDFM,000026F,128800_F..N20R,F,0,21:28:00,20260512,0,25,1,D21N,1778638246,2026-05-12 19:10:46,,,0.0,0.0,0.0,0.0,0.0,0,0
BDFM,000028F,130300_F..S,F,0,21:42:32,20260512,0,10,1,F09S,1778638236,2026-05-12 19:10:36,,,0.0,0.0,0.0,0.0,0.0,0,0
BDFM,000030F,129600_F..N20R,F,0,21:36:04,20260512,0,19,1,F20N,1778638246,2026-05-12 19:10:46,,,0.0,0.0,0.0,0.0,0.0,0,0
BDFM,000032F,130300_F..N20R,F,0,21:42:30,20260512,0,18,1,F21N,1778638242,2026-05-12 19:10:42,,,0.0,0.0,0.0,0.0,0.0,0,0
BDFM,000034F,131150_F..N20R,F,0,21:51:30,20260512,0,12,1,F27N,1778638241,2026-05-12 19:10:41,,,0.0,0.0,0.0,0.0,0.0,0,0
BDFM,000036F,131300_F..S,F,0,21:53:00,20260512,0,7,1,G08S,1778638067,2026-05-12 19:07:47,,,0.0,0.0,0.0,0.0,0.0,0,0
BDFM,000038F,132000_F..N20R,F,0,21:59:44,20260512,0,8,1,F32N,1778638246,2026-05-12 19:10:46,,,0.0,0.0,0.0,0.0,0.0,0,0
BDFM,000040F,132300_F..S,F,0,22:03:01,20260512,0,4,1,F05S,1778638246,2026-05-12 19:10:46,,,0.0,0.0,0.0,0.0,0.0,0,0
BDFM,000042F,133300_F..S,F,0,22:13:00,20260512,0,0,2,F01S,1778638380,2026-05-12 19:13:00,,,0.0,0.0,0.0,0.0,0.0,0,0
BDFM,000044F,133700_F..N20R,F,0,22:17:00,20260512,0,0,2,D43N,1778638620,2026-05-12 19:17:00,,,0.0,0.0,0.0,0.0,0.0,0,0
BDFM,000046F,134450_F..S,F,0,22:24:30,20260512,0,0,2,F01S,1778639070,2026-05-12 19:24:30,,,0.0,0.0,0.0,0.0,0.0,0,0
BDFM,000048F,134700_F..N20R,F,0,22:27:00,20260512,0,0,2,D43N,1778639220,2026-05-12 19:27:00,,,0.0,0.0,0.0,0.0,0.0,0,0
BDFM,000050F,132700_F..N20R,F,0,22:07:00,20260512,0,2,1,F39N,1778638246,2026-05-12 19:10:46,,,0.0,0.0,0.0,0.0,0.0,0,0
BDFM,000052F,135050_F..S,F,0,22:30:30,20260512,0,0,2,F01S,1778639430,2026-05-12 19:30:30,,,0.0,0.0,0.0,0.0,0.0,0,0
BDFM,000054F,135850_F..S,F,0,22:38:30,20260512,0,0,2,F01S,1778639910,2026-05-12 19:38:30,,,0.0,0.0,0.0,0.0,0.0,0,0
BDFM,000056F,135700_F..N20R,F,0,22:37:00,20260512,0,0,2,D43N,1778639820,2026-05-12 19:37:00,,,0.0,0.0,0.0,0.0,0.0,0,0
BDFM,000058F,136900_F..N20R,F,0,22:49:00,20260512,0,0,2,D43N,1778640540,2026-05-12 19:49:00,,,0.0,0.0,0.0,0.0,0.0,0,0
BDFM,000060F,136700_F..S,F,0,22:47:00,20260512,0,0,2,F01S,1778640420,2026-05-12 19:47:00,,,0.0,0.0,0.0,0.0,0.0,0,0
BDFM,000062F,137600_F..S,F,0,22:56:00,20260512,0,0,2,F01S,1778640960,2026-05-12 19:56:00,,,0.0,0.0,0.0,0.0,0.0,0,0
BDFM,000064F,138100_F..N20R,F,0,23:01:00,20260512,0,0,2,D43N,1778641260,2026-05-12 20:01:00,,,0.0,0.0,0.0,0.0,0.0,0,0
BDFM,000066F,138600_F..S,F,0,23:06:00,20260512,0,0,2,F01S,1778641560,2026-05-12 20:06:00,,,0.0,0.0,0.0,0.0,0.0,0,0
BDFM,000002M,130700_M..N25R,M,0,21:47:03,20260512,0,11,1,M16N,1778638147,2026-05-12 19:09:07,,,0.0,0.0,0.0,0.0,0.0,0,0
BDFM,000004M,131150_M..S25R,M,0,21:51:00,20260512,0,8,1,M08S,1778638246,2026-05-12 19:10:46,,,0.0,0.0,0.0,0.0,0.0,0,0
BDFM,000006M,131700_M..N25R,M,0,21:57:00,20260512,0,7,1,M11N,1778638246,2026-05-12 19:10:46,,,0.0,0.0,0.0,0.0,0.0,0,0
BDFM,000008M,132150_M..S25R,M,0,22:03:20,20260512,0,1,1,M16S,1778638246,2026-05-12 19:10:46,,,0.0,0.0,0.0,0.0,0.0,0,0
BDFM,000010M,132700_M..N25R,M,0,22:07:20,20260512,0,2,1,M05N,1778638246,2026-05-12 19:10:46,,,0.0,0.0,0.0,0.0,0.0,0,0
BDFM,000012M,133150_M..S25R,M,0,22:11:30,20260512,0,0,2,M18S,1778638290,2026-05-12 19:11:30,,,0.0,0.0,0.0,0.0,0.0,0,0
BDFM,000014M,133700_M..N25R,M,0,22:17:00,20260512,0,0,2,M01N,1778638620,2026-05-12 19:17:00,,,0.0,0.0,0.0,0.0,0.0,0,0
BDFM,000016M,134300_M..S25R,M,0,22:23:00,20260512,0,0,2,M18S,1778638980,2026-05-12 19:23:00,,,0.0,0.0,0.0,0.0,0.0,0,0
BDFM,000018M,134700_M..N25R,M,0,22:27:00,20260512,0,0,2,M01N,1778639220,2026-05-12 19:27:00,,,0.0,0.0,0.0,0.0,0.0,0,0
BDFM,000020M,135350_M..S25R,M,0,22:33:30,20260512,0,0,2,M18S,1778639610,2026-05-12 19:33:30,,,0.0,0.0,0.0,0.0,0.0,0,0
BDFM,000022M,135550_M..N25R,M,0,22:35:30,20260512,0,0,2,M01N,1778639730,2026-05-12 19:35:30,,,0.0,0.0,0.0,0.0,0.0,0,0
BDFM,000024M,136150_M..S25R,M,0,22:41:30,20260512,0,0,2,M18S,1778640090,2026-05-12 19:41:30,,,0.0,0.0,0.0,0.0,0.0,0,0
BDFM,000026M,136700_M..N25R,M,0,22:47:00,20260512,0,0,2,M01N,1778640420,2026-05-12 19:47:00,,,0.0,0.0,0.0,0.0,0.0,0,0
BDFM,000028M,137300_M..S25R,M,0,22:53:00,20260512,0,0,2,M18S,1778640780,2026-05-12 19:53:00,,,0.0,0.0,0.0,0.0,0.0,0,0
BDFM,000030M,137900_M..N25R,M,0,22:59:00,20260512,0,0,2,M01N,1778641140,2026-05-12 19:59:00,,,0.0,0.0,0.0,0.0,0.0,0,0
BDFM,000032M,138150_M..S25R,M,0,23:01:30,20260512,0,0,2,M18S,1778641290,2026-05-12 20:01:30,,,0.0,0.0,0.0,0.0,0.0,0,0
BDFM,000034M,139000_M..N25R,M,0,23:10:00,20260512,0,0,2,M01N,1778641800,2026-05-12 20:10:00,,,0.0,0.0,0.0,0.0,0.0,0,0
BDFM,000002FS,132450_FS.N01R,FS,0,22:04:30,20260512,0,3,1,S01N,1778638226,2026-05-12 19:10:26,,,0.0,0.0,0.0,0.0,0.0,0,0
BDFM,000004FS,133500_FS.S01R,FS,0,22:15:00,20260512,0,0,2,S01S,1778638500,2026-05-12 19:15:00,,,0.0,0.0,0.0,0.0,0.0,0,0
BDFM,000006FS,133950_FS.N01R,FS,0,22:19:30,20260512,0,0,2,D26N,1778638770,2026-05-12 19:19:30,,,0.0,0.0,0.0,0.0,0.0,0,0
BDFM,000008FS,135000_FS.S01R,FS,0,22:30:00,20260512,0,0,2,S01S,1778639400,2026-05-12 19:30:00,,,0.0,0.0,0.0,0.0,0.0,0,0
BDFM,000010FS,135450_FS.N01R,FS,0,22:34:30,20260512,0,0,2,D26N,1778639670,2026-05-12 19:34:30,,,0.0,0.0,0.0,0.0,0.0,0,0
BDFM,000012FS,136500_FS.S01R,FS,0,22:45:00,20260512,0,0,2,S01S,1778640300,2026-05-12 19:45:00,,,0.0,0.0,0.0,0.0,0.0,0,0
BDFM,000014FS,136950_FS.N01R,FS,0,22:49:30,20260512,0,0,2,D26N,1778640570,2026-05-12 19:49:30,,,0.0,0.0,0.0,0.0,0.0,0,0
BDFM,000016FS,138000_FS.S01R,FS,0,23:00:00,20260512,0,0,2,S01S,1778641200,2026-05-12 20:00:00,,,0.0,0.0,0.0,0.0,0.0,0,0
BDFM,000018FS,138950_FS.N01R,FS,0,23:09:30,20260512,0,0,2,D26N,1778641770,2026-05-12 20:09:30,,,0.0,0.0,0.0,0.0,0.0,0,0
G,000002G,129633_G..S14R,G,0,21:36:24,20260512,0,18,1,F25S,1778638177,2026-05-12 19:09:37,,,0.0,0.0,0.0,0.0,0.0,0,0
G,000004G,130716_G..S14R,G,0,21:47:00,20260512,0,12,1,A42S,1778638226,2026-05-12 19:10:26,,,0.0,0.0,0.0,0.0,0.0,0,0
G,000006G,130350_G..N14R,G,0,21:43:00,20260512,0,17,1,G28N,1778638246,2026-05-12 19:10:46,,,0.0,0.0,0.0,0.0,0.0,0,0
G,000008G,131400_G..N14R,G,0,21:54:00,20260512,0,9,1,G36N,1778638246,2026-05-12 19:10:46,,,0.0,0.0,0.0,0.0,0.0,0,0
G,000010G,131800_G..S14R,G,0,21:58:30,20260512,0,5,1,G30S,1778638237,2026-05-12 19:10:37,,,0.0,0.0,0.0,0.0,0.0,0,0
G,000012G,132600_G..S14R,G,0,20:06:00,20260512,0,2,1,G26S,1778638162,2026-05-12 19:09:22,,,0.0,0.0,0.0,0.0,0.0,0,0
G,000014G,132600_G..N14R,G,0,22:05:25,20260512,0,3,1,F24N,1778638242,2026-05-12 19:10:42,,,0.0,0.0,0.0,0.0,0.0,0,0
G,000016G,133600_G..S14R,G,0,22:16:00,20260512,0,0,2,G22S,1778638560,2026-05-12 19:16:00,,,0.0,0.0,0.0,0.0,0.0,0,0
G,000018G,133800_G..N14R,G,0,22:18:00,20260512,0,0,2,F27N,1778638680,2026-05-12 19:18:00,,,0.0,0.0,0.0,0.0,0.0,0,0
G,000020G,134700_G..S14R,G,0,22:27:00,20260512,0,0,2,G22S,1778639220,2026-05-12 19:27:00,,,0.0,0.0,0.0,0.0,0.0,0,0
G,000022G,135600_G..N14R,G,0,22:36:00,20260512,0,0,2,F27N,1778639760,2026-05-12 19:36:00,,,0.0,0.0,0.0,0.0,0.0,0,0
G,000024G,136000_G..S14R,G,0,22:40:00,20260512,0,0,2,G22S,1778640000,2026-05-12 19:40:00,,,0.0,0.0,0.0,0.0,0.0,0,0
G,000026G,137200_G..S14R,G,0,22:52:00,20260512,0,0,2,G22S,1778640720,2026-05-12 19:52:00,,,0.0,0.0,0.0,0.0,0.0,0,0
G,000028G,137400_G..N14R,G,0,22:54:00,20260512,0,0,2,F27N,1778640840,2026-05-12 19:54:00,,,0.0,0.0,0.0,0.0,0.0,0,0
G,000030G,138450_G..S14R,G,0,23:04:30,20260512,0,0,2,G22S,1778641470,2026-05-12 20:04:30,,,0.0,0.0,0.0,0.0,0.0,0,0
G,000032G,138700_G..N14R,G,0,23:07:00,20260512,0,0,2,F27N,1778641620,2026-05-12 20:07:00,,,0.0,0.0,0.0,0.0,0.0,0,0
JZ,000002J,128100_J..N41R,J,0,21:21:02,20260512,0,28,1,G06N,1778638233,2026-05-12 19:10:33,,,0.0,0.0,0.0,0.0,0.0,0,0
JZ,000004J,128000_J..S12R,J,0,21:20:00,20260512,0,26,1,M20S,1778638232,2026-05-12 19:10:32,,,0.0,0.0,0.0,0.0,0.0,0,0
JZ,000006J,129100_J..N41R,J,0,21:31:00,20260512,0,23,1,J16N,1778638232,2026-05-12 19:10:32,,,0.0,0.0,0.0,0.0,0.0,0,0
JZ,000008J,129200_J..S12R,J,0,21:32:00,20260512,0,23,1,M16S,1778638232,2026-05-12 19:10:32,,,0.0,0.0,0.0,0.0,0.0,0,0
JZ,000010J,130100_J..N41R,J,0,21:41:19,20260512,0,12,1,J30N,1778638232,2026-05-12 19:10:32,,,0.0,0.0,0.0,0.0,0.0,0,0
JZ,000012J,131100_J..N41R,J,0,21:51:00,20260512,0,9,1,M12N,1778638232,2026-05-12 19:10:32,,,0.0,0.0,0.0,0.0,0.0,0,0
JZ,000014J,130400_J..S12R,J,0,21:44:00,20260512,0,14,1,J27S,1778638227,2026-05-12 19:10:27,,,0.0,0.0,0.0,0.0,0.0,0,0
JZ,000016J,131600_J..S12R,J,0,21:56:00,20260512,0,8,1,J19S,1778638227,2026-05-12 19:10:27,,,0.0,0.0,0.0,0.0,0.0,0,0
JZ,000018J,132100_J..N41R,J,0,22:01:00,20260512,0,5,1,M18N,1778638147,2026-05-12 19:09:07,,,0.0,0.0,0.0,0.0,0.0,0,0
JZ,000020J,132800_J..S12R,J,0,22:08:00,20260512,0,1,1,G06S,1778638232,2026-05-12 19:10:32,,,0.0,0.0,0.0,0.0,0.0,0,0
JZ,000022J,134000_J..S12R,J,0,22:20:00,20260512,0,0,2,G05S,1778638800,2026-05-12 19:20:00,,,0.0,0.0,0.0,0.0,0.0,0,0
JZ,000024J,133100_J..N41R,J,0,22:11:00,20260512,0,0,1,M23N,1778638233,2026-05-12 19:10:33,,,0.0,0.0,0.0,0.0,0.0,0,0
JZ,000026J,134300_J..N41R,J,0,22:23:00,20260512,0,0,2,M23N,1778638980,2026-05-12 19:23:00,,,0.0,0.0,0.0,0.0,0.0,0,0
JZ,000028J,135500_J..N41R,J,0,22:35:00,20260512,0,0,2,M23N,1778639700,2026-05-12 19:35:00,,,0.0,0.0,0.0,0.0,0.0,0,0
JZ,000030J,135300_J..S12R,J,0,22:33:00,20260512,0,0,2,G05S,1778639580,2026-05-12 19:33:00,,,0.0,0.0,0.0,0.0,0.0,0,0
JZ,000032J,136700_J..N41R,J,0,22:47:00,20260512,0,0,2,M23N,1778640420,2026-05-12 19:47:00,,,0.0,0.0,0.0,0.0,0.0,0,0
JZ,000034J,136850_J..S12R,J,0,22:48:30,20260512,0,0,2,G05S,1778640510,2026-05-12 19:48:30,,,0.0,0.0,0.0,0.0,0.0,0,0
JZ,000036J,137900_J..N41R,J,0,22:59:00,20260512,0,0,2,M23N,1778641140,2026-05-12 19:59:00,,,0.0,0.0,0.0,0.0,0.0,0,0
JZ,000038J,138350_J..S12R,J,0,23:03:30,20260512,0,0,2,G05S,1778641410,2026-05-12 20:03:30,,,0.0,0.0,0.0,0.0,0.0,0,0
NQRW,000002N,121900_N..S72R,W,0,20:19:00,20260512,0,23,1,R27S,1778633931,2026-05-12 17:58:51,,,0.0,0.0,0.0,0.0,0.0,0,0
NQRW,000004N,123050_N..N31R,N,0,20:30:18,20260512,0,40,1,R60N,1778638211,2026-05-12 19:10:11,,,0.0,0.0,0.0,0.0,0.0,0,0
NQRW,000006N,124050_N..N31R,N,0,20:40:03,20260512,0,33,1,R04N,1778638232,2026-05-12 19:10:32,,,0.0,0.0,0.0,0.0,0.0,0,0
NQRW,000008N,125450_N..N31R,N,0,20:54:30,20260512,0,30,1,R08N,1778638232,2026-05-12 19:10:32,,,0.0,0.0,0.0,0.0,0.0,0,0
NQRW,000010N,126900_N..N72R,W,0,21:10:30,20260512,0,21,1,R04N,1778638200,2026-05-12 19:10:00,,,0.0,0.0,0.0,0.0,0.0,0,0
NQRW,000012N,126500_N..N31R,N,0,21:07:36,20260512,0,22,1,R17N,1778638232,2026-05-12 19:10:32,,,0.0,0.0,0.0,0.0,0.0,0,0
NQRW,000014N,127350_N..S34R,N,0,21:13:00,20260512,0,20,1,N03S,1778638232,2026-05-12 19:10:32,,,0.0,0.0,0.0,0.0,0.0,0,0
NQRW,000016N,127700_N..N31R,N,0,21:17:41,20260512,0,21,1,R20N,1778638152,2026-05-12 19:09:12,,,0.0,0.0,0.0,0.0,0.0,0,0
NQRW,000018N,128050_N..N72R,W,0,21:24:21,20260512,0,19,1,R06N,1778638233,2026-05-12 19:10:33,,,0.0,0.0,0.0,0.0,0.0,0,0
NQRW,000020N,128350_N..S34R,N,0,21:22:30,20260512,0,17,1,R36S,1778638232,2026-05-12 19:10:32,,,0.0,0.0,0.0,0.0,0.0,0,0
NQRW,000022N,129250_N..N72R,W,0,21:40:00,20260512,0,11,1,R16N,1778638233,2026-05-12 19:10:33,,,0.0,0.0,0.0,0.0,0.0,0,0
NQRW,000024N,129300_N..N31R,N,0,21:32:42,20260512,0,18,1,R31N,1778638232,2026-05-12 19:10:32,,,0.0,0.0,0.0,0.0,0.0,0,0
NQRW,000026N,129600_N..S42R,N,0,21:36:00,20260512,0,15,1,Q01S,1778638061,2026-05-12 19:07:41,,,0.0,0.0,0.0,0.0,0.0,0,0
NQRW,000028N,130900_N..N31R,N,0,21:50:36,20260512,0,10,1,R41N,1778638227,2026-05-12 19:10:27,,,0.0,0.0,0.0,0.0,0.0,0,0
NQRW,000030N,130350_N..N72R,W,0,21:47:00,20260512,0,10,1,R17N,1778638232,2026-05-12 19:10:32,,,0.0,0.0,0.0,0.0,0.0,0,0
NQRW,000032N,131250_N..N72R,W,0,21:55:00,20260512,0,9,1,R18N,1778638227,2026-05-12 19:10:27,,,0.0,0.0,0.0,0.0,0.0,0,0
NQRW,000034N,130950_N..S42R,N,0,21:52:00,20260512,0,11,1,R15S,1778638233,2026-05-12 19:10:33,,,0.0,0.0,0.0,0.0,0.0,0,0
NQRW,000036N,132250_N..N72R,W,0,22:04:43,20260512,0,3,1,R24N,1778638232,2026-05-12 19:10:32,,,0.0,0.0,0.0,0.0,0.0,0,0
NQRW,000038N,132300_N..S42R,N,0,22:05:30,20260512,0,3,1,R05S,1778638227,2026-05-12 19:10:27,,,0.0,0.0,0.0,0.0,0.0,0,0
NQRW,000040N,133300_N..N23R,N,0,22:13:00,20260512,0,0,2,D43N,1778638380,2026-05-12 19:13:00,,,0.0,0.0,0.0,0.0,0.0,0,0
NQRW,000042N,132550_N..N31R,N,0,22:04:46,20260512,0,2,1,N09N,1778638227,2026-05-12 19:10:27,,,0.0,0.0,0.0,0.0,0.0,0,0
NQRW,000044N,133300_N..S42R,N,0,22:13:00,20260512,0,0,2,R01S,1778638380,2026-05-12 19:13:00,,,0.0,0.0,0.0,0.0,0.0,0,0
NQRW,000046N,133400_N..N72R,W,0,22:14:00,20260512,0,0,2,R27N,1778638440,2026-05-12 19:14:00,,,0.0,0.0,0.0,0.0,0.0,0,0
NQRW,000048N,134400_N..S42R,N,0,22:24:00,20260512,0,0,2,R01S,1778639040,2026-05-12 19:24:00,,,0.0,0.0,0.0,0.0,0.0,0,0
NQRW,000050N,135050_N..N20R,N,0,22:30:30,20260512,0,0,2,D43N,1778639430,2026-05-12 19:30:30,,,0.0,0.0,0.0,0.0,0.0,0,0
NQRW,000052N,135500_N..S42R,N,0,22:35:00,20260512,0,0,2,R01S,1778639700,2026-05-12 19:35:00,,,0.0,0.0,0.0,0.0,0.0,0,0
NQRW,000054N,136700_N..S42R,N,0,22:47:00,20260512,0,0,2,R01S,1778640420,2026-05-12 19:47:00,,,0.0,0.0,0.0,0.0,0.0,0,0
NQRW,000056N,136250_N..N20R,N,0,22:42:30,20260512,0,0,2,D43N,1778640150,2026-05-12 19:42:30,,,0.0,0.0,0.0,0.0,0.0,0,0
NQRW,000058N,137600_N..N20R,N,0,22:56:00,20260512,0,0,2,D43N,1778640960,2026-05-12 19:56:00,,,0.0,0.0,0.0,0.0,0.0,0,0
NQRW,000060N,137900_N..S20R,N,0,22:59:00,20260512,0,0,2,R01S,1778641140,2026-05-12 19:59:00,,,0.0,0.0,0.0,0.0,0.0,0,0
NQRW,000062N,138950_N..N20R,N,0,23:09:30,20260512,0,0,2,D43N,1778641770,2026-05-12 20:09:30,,,0.0,0.0,0.0,0.0,0.0,0,0
NQRW,000002Q,126250_Q..N36R,Q,0,21:02:30,20260512,0,28,1,Q05N,1778638226,2026-05-12 19:10:26,,,0.0,0.0,0.0,0.0,0.0,0,0
NQRW,000004Q,126200_Q..S36R,Q,0,21:02:00,20260512,0,27,1,D42S,1778638232,2026-05-12 19:10:32,,,0.0,0.0,0.0,0.0,0.0,0,0
NQRW,000006Q,127050_Q..S36R,Q,0,21:10:33,20260512,0,26,1,D41S,1778638232,2026-05-12 19:10:32,,,0.0,0.0,0.0,0.0,0.0,0,0
NQRW,000008Q,127450_Q..N36R,Q,0,21:16:30,20260512,0,25,1,B08N,1778638232,2026-05-12 19:10:32,,,0.0,0.0,0.0,0.0,0.0,0,0
NQRW,000010Q,127850_Q..S36R,Q,0,21:18:50,20260512,0,23,1,D38S,1778638232,2026-05-12 19:10:32,,,0.0,0.0,0.0,0.0,0.0,0,0
NQRW,000012Q,128500_Q..N36R,Q,0,21:25:00,20260512,0,19,1,R30N,1778637941,2026-05-12 19:05:41,,,0.0,0.0,0.0,0.0,0.0,0,0
NQRW,000014Q,129000_Q..S36R,Q,0,21:30:51,20260512,0,16,1,D30S,1778638232,2026-05-12 19:10:32,,,0.0,0.0,0.0,0.0,0.0,0,0
NQRW,000016Q,129500_Q..N36R,Q,0,21:35:00,20260512,0,19,1,R30N,1778638067,2026-05-12 19:07:47,,,0.0,0.0,0.0,0.0,0.0,0,0
NQRW,000018Q,130150_Q..S36R,Q,0,21:41:19,20260512,0,9,1,R30S,1778638232,2026-05-12 19:10:32,,,0.0,0.0,0.0,0.0,0.0,0,0
NQRW,000020Q,130500_Q..N36R,Q,0,21:45:00,20260512,0,15,1,D27N,1778638232,2026-05-12 19:10:32,,,0.0,0.0,0.0,0.0,0.0,0,0
NQRW,000022Q,131100_Q..S36R,Q,0,21:51:00,20260512,0,8,1,Q01S,1778638162,2026-05-12 19:09:22,,,0.0,0.0,0.0,0.0,0.0,0,0
NQRW,000024Q,131500_Q..N36R,Q,0,21:55:00,20260512,0,9,1,D33N,1778638232,2026-05-12 19:10:32,,,0.0,0.0,0.0,0.0,0.0,0,0
NQRW,000026Q,131850_Q..S36R,Q,0,21:58:30,20260512,0,5,1,R16S,1778638232,2026-05-12 19:10:32,,,0.0,0.0,0.0,0.0,0.0,0,0
NQRW,000028Q,132500_Q..N36R,Q,0,22:05:00,20260512,0,3,1,D40N,1778638232,2026-05-12 19:10:32,,,0.0,0.0,0.0,0.0,0.0,0,0
NQRW,000030Q,132950_Q..S36R,Q,0,22:09:30,20260512,0,1,1,Q04S,1778638232,2026-05-12 19:10:32,,,0.0,0.0,0.0,0.0,0.0,0,0
NQRW,000032Q,133300_Q..N36R,Q,0,22:13:00,20260512,0,0,2,D43N,1778638380,2026-05-12 19:13:00,,,0.0,0.0,0.0,0.0,0.0,0,0
NQRW,000034Q,133950_Q..S36R,Q,0,22:19:30,20260512,0,0,2,Q05S,1778638770,2026-05-12 19:19:30,,,0.0,0.0,0.0,0.0,0.0,0,0
NQRW,000036Q,134100_Q..N36R,Q,0,22:21:00,20260512,0,0,2,D43N,1778638860,2026-05-12 19:21:00,,,0.0,0.0,0.0,0.0,0.0,0,0
NQRW,000038Q,134950_Q..S36R,Q,0,22:29:30,20260512,0,0,2,Q05S,1778639370,2026-05-12 19:29:30,,,0.0,0.0,0.0,0.0,0.0,0,0
NQRW,000040Q,135700_Q..N36R,Q,0,22:37:00,20260512,0,0,2,D43N,1778639820,2026-05-12 19:37:00,,,0.0,0.0,0.0,0.0,0.0,0,0
NQRW,000042Q,136350_Q..S36R,Q,0,22:43:30,20260512,0,0,2,Q05S,1778640210,2026-05-12 19:43:30,,,0.0,0.0,0.0,0.0,0.0,0,0
NQRW,000044Q,137000_Q..N36R,Q,0,22:50:00,20260512,0,0,2,D43N,1778640600,2026-05-12 19:50:00,,,0.0,0.0,0.0,0.0,0.0,0,0
NQRW,000046Q,137750_Q..S36R,Q,0,22:57:30,20260512,0,0,2,Q05S,1778641050,2026-05-12 19:57:30,,,0.0,0.0,0.0,0.0,0.0,0,0
NQRW,000048Q,138800_Q..N39R,Q,0,23:08:00,20260512,0,0,2,D43N,1778641680,2026-05-12 20:08:00,,,0.0,0.0,0.0,0.0,0.0,0,0
NQRW,000002R,123300_R..N93R,R,0,20:33:00,20260512,0,43,1,G11N,1778638232,2026-05-12 19:10:32,,,0.0,0.0,0.0,0.0,0.0,0,0
NQRW,000004R,123900_R..S71R,R,0,20:38:28,20260512,0,46,1,R45S,1778637878,2026-05-12 19:04:38,,,0.0,0.0,0.0,0.0,0.0,0,0
NQRW,000006R,124850_R..N78R,R,0,20:48:30,20260512,0,32,1,R11N,1778638232,2026-05-12 19:10:32,,,0.0,0.0,0.0,0.0,0.0,0,0
NQRW,000008R,124900_R..S71R,R,0,20:49:00,20260512,0,40,1,R39S,1778638232,2026-05-12 19:10:32,,,0.0,0.0,0.0,0.0,0.0,0,0
NQRW,000010R,125800_R..N78R,R,0,20:58:00,20260512,0,31,1,R13N,1778638232,2026-05-12 19:10:32,,,0.0,0.0,0.0,0.0,0.0,0,0
NQRW,000012R,125900_R..S71R,R,0,20:59:00,20260512,0,36,1,R33S,1778638207,2026-05-12 19:10:07,,,0.0,0.0,0.0,0.0,0.0,0,0
NQRW,000014R,126900_R..S71R,R,0,21:08:49,20260512,0,33,1,R30S,1778638232,2026-05-12 19:10:32,,,0.0,0.0,0.0,0.0,0.0,0,0
NQRW,000016R,127100_R..N78R,R,0,21:11:00,20260512,0,30,1,R14N,1778638231,2026-05-12 19:10:31,,,0.0,0.0,0.0,0.0,0.0,0,0
NQRW,000018R,128450_R..N78R,R,0,21:26:00,20260512,0,20,1,R24N,1778638207,2026-05-12 19:10:07,,,0.0,0.0,0.0,0.0,0.0,0,0
NQRW,000020R,127900_R..S71R,R,0,21:19:00,20260512,0,29,1,R27S,1778638227,2026-05-12 19:10:27,,,0.0,0.0,0.0,0.0,0.0,0,0
NQRW,000022R,129650_R..N78R,R,0,21:36:30,20260512,0,18,1,R26N,1778638232,2026-05-12 19:10:32,,,0.0,0.0,0.0,0.0,0.0,0,0
NQRW,000024R,128900_R..S71R,R,0,21:29:00,20260512,0,19,1,R17S,1778638232,2026-05-12 19:10:32,,,0.0,0.0,0.0,0.0,0.0,0,0
NQRW,000026R,130900_R..N78R,R,0,21:51:00,20260512,0,11,1,R32N,1778638233,2026-05-12 19:10:33,,,0.0,0.0,0.0,0.0,0.0,0,0
NQRW,000028R,129850_R..S71R,R,0,21:38:30,20260512,0,18,1,R16S,1778638229,2026-05-12 19:10:29,,,0.0,0.0,0.0,0.0,0.0,0,0
NQRW,000030R,130900_R..S71R,R,0,21:49:00,20260512,0,12,1,G21S,1778638111,2026-05-12 19:08:31,,,0.0,0.0,0.0,0.0,0.0,0,0
NQRW,000032R,131850_R..S71R,R,0,21:58:30,20260512,0,8,1,G16S,1778638232,2026-05-12 19:10:32,,,0.0,0.0,0.0,0.0,0.0,0,0
NQRW,000034R,132300_R..N78R,R,0,22:03:00,20260512,0,5,1,R40N,1778638228,2026-05-12 19:10:28,,,0.0,0.0,0.0,0.0,0.0,0,0
NQRW,000036R,133550_R..N78R,R,0,22:15:30,20260512,0,0,2,R45N,1778638530,2026-05-12 19:15:30,,,0.0,0.0,0.0,0.0,0.0,0,0
NQRW,000038R,132950_R..S71R,R,0,22:09:02,20260512,0,2,1,G10S,1778638234,2026-05-12 19:10:34,,,0.0,0.0,0.0,0.0,0.0,0,0
NQRW,000040R,134150_R..S71R,R,0,22:21:30,20260512,0,0,2,G08S,1778638890,2026-05-12 19:21:30,,,0.0,0.0,0.0,0.0,0.0,0,0
NQRW,000042R,134850_R..N78R,R,0,22:28:30,20260512,0,0,2,R45N,1778639310,2026-05-12 19:28:30,,,0.0,0.0,0.0,0.0,0.0,0,0
NQRW,000044R,135450_R..S71R,R,0,22:34:30,20260512,0,0,2,G08S,1778639670,2026-05-12 19:34:30,,,0.0,0.0,0.0,0.0,0.0,0,0
NQRW,000046R,136300_R..N78R,R,0,22:43:00,20260512,0,0,2,R45N,1778640180,2026-05-12 19:43:00,,,0.0,0.0,0.0,0.0,0.0,0,0
NQRW,000048R,137200_R..N27R,R,0,22:52:00,20260512,0,0,2,R45N,1778640720,2026-05-12 19:52:00,,,0.0,0.0,0.0,0.0,0.0,0,0
NQRW,000050R,138550_R..N27R,R,0,23:05:30,20260512,0,0,2,R45N,1778641530,2026-05-12 20:05:30,,,0.0,0.0,0.0,0.0,0.0,0,0
NQRW,000052R,137700_R..N78R,R,0,22:57:00,20260512,0,0,2,R45N,1778641020,2026-05-12 19:57:00,,,0.0,0.0,0.0,0.0,0.0,0,0
L,2,129850_L..S,L,0,,20260512,0,21,1,L27S,1778638248,2026-05-12 19:10:48,,,0.0,0.0,0.0,0.0,0.0,0,0
L,4,130200_L..N,L,0,,20260512,0,18,1,L08N,1778638218,2026-05-12 19:10:18,,,0.0,0.0,0.0,0.0,0.0,0,0
L,6,130250_L..S,L,0,,20260512,0,18,1,L24S,1778638248,2026-05-12 19:10:48,,,0.0,0.0,0.0,0.0,0.0,0,0
L,8,130650_L..S,L,0,,20260512,0,15,1,L20S,1778638218,2026-05-12 19:10:18,,,0.0,0.0,0.0,0.0,0.0,0,0
L,10,130700_L..N,L,0,,20260512,0,15,1,L12N,1778638248,2026-05-12 19:10:48,,,0.0,0.0,0.0,0.0,0.0,0,0
L,12,131050_L..S,L,0,,20260512,0,12,2,L16S,1778638248,2026-05-12 19:10:48,,,0.0,0.0,0.0,0.0,0.0,0,0
L,14,131150_L..N,L,0,,20260512,0,13,2,L14N,1778638242,2026-05-12 19:10:42,,,0.0,0.0,0.0,0.0,0.0,0,0
L,16,131450_L..S,L,0,,20260512,0,10,1,L14S,1778638248,2026-05-12 19:10:48,,,0.0,0.0,0.0,0.0,0.0,0,0
L,18,131700_L..N,L,0,,20260512,0,9,1,L19N,1778638248,2026-05-12 19:10:48,,,0.0,0.0,0.0,0.0,0.0,0,0
L,20,131950_L..S,L,0,,20260512,0,7,1,L11S,1778638248,2026-05-12 19:10:48,,,0.0,0.0,0.0,0.0,0.0,0,0
L,22,132200_L..N,L,0,,20260512,0,6,1,L22N,1778638248,2026-05-12 19:10:48,,,0.0,0.0,0.0,0.0,0.0,0,0
L,24,132450_L..S,L,0,,20260512,0,5,2,L08S,1778638242,2026-05-12 19:10:42,,,0.0,0.0,0.0,0.0,0.0,0,0
L,26,132700_L..N,L,0,,20260512,0,2,1,L27N,1778638248,2026-05-12 19:10:48,,,0.0,0.0,0.0,0.0,0.0,0,0
L,28,132950_L..S,L,0,,20260512,0,1,1,L02S,1778638248,2026-05-12 19:10:48,,,0.0,0.0,0.0,0.0,0.0,0,0
L,30,133150_L..N,L,0,,20260512,0,0,1,L29N,1778638245,2026-05-12 19:10:45,,,0.0,0.0,0.0,0.0,0.0,0,0
L,32,133450_L..S,L,0,,20260512,0,0,1,L01S,1778638245,2026-05-12 19:10:45,,,0.0,0.0,0.0,0.0,0.0,0,0
L,34,133700_L..N,L,0,,20260512,0,0,1,L29N,1778638245,2026-05-12 19:10:45,,,0.0,0.0,0.0,0.0,0.0,0,0
